com.zaxxer.hikari.HikariPool,sink,356
com.zaxxer.hikari.HikariPool,sink,372
com.zaxxer.hikari.HikariPool,sink,374
com.zaxxer.hikari.HikariPool,sink,365
com.zaxxer.hikari.HikariPool,source,339
com.zaxxer.hikari.HikariPool,source,340
com.zaxxer.hikari.HikariPool,source,341
com.zaxxer.hikari.HikariPool,source,342
com.zaxxer.hikari.HikariPool,source,343
com.zaxxer.hikari.HikariPool,source,344
com.zaxxer.hikari.HikariPool,source,345
com.zaxxer.hikari.HikariPool,source,362
com.zaxxer.hikari.HikariPool,source,346
com.zaxxer.hikari.HikariPool,source,348
