com.zaxxer.hikari.HikariPool,source,356
com.zaxxer.hikari.HikariPool,source,372
com.zaxxer.hikari.HikariPool,source,374
com.zaxxer.hikari.HikariPool,source,365
com.zaxxer.hikari.HikariPool,sink,339
com.zaxxer.hikari.HikariPool,sink,340
com.zaxxer.hikari.HikariPool,sink,341
com.zaxxer.hikari.HikariPool,sink,342
com.zaxxer.hikari.HikariPool,sink,343
com.zaxxer.hikari.HikariPool,sink,344
com.zaxxer.hikari.HikariPool,sink,345
com.zaxxer.hikari.HikariPool,sink,362
com.zaxxer.hikari.HikariPool,sink,346
com.zaxxer.hikari.HikariPool,sink,348
