project;merge commit;className;method;left modifications;left deletions;right modifications;right deletions
retrofit;71f622ce51031b152a0be6ad5facfb27a654bf5a;retrofit.RequestBuilder;build();[88];[];[96, 97, 100, 95];[]
druid;05168808c278c080c59c19e858d9471b316cd1f5;com.metamx.druid.loading.S3SegmentPusher;push(File, DataSegment);[66, 118, 139, 110];[];[105, 125];[]
Activiti;bf46684ba62f5883673ea8fb0a14aecfe0aedea2;org.activiti.engine.impl.bpmn.behavior.UserTaskActivityBehavior;execute(ActivityExecution);[112, 113, 114, 115, 116, 117, 110, 111];[];[118, 125, 126, 127];[]
Activiti;50d8e43eb5917c63abfbcdec1e68e510943f325a;org.activiti.engine.impl.persistence.entity.DeploymentEntityManager;deleteDeployment(String, boolean);[107];[];[114, 115, 116, 117];[]
hector;a33a46506656a39d1b0f7780973905665d3b6145;me.prettyprint.cassandra.connection.client.HThriftClient;open();[164];[];[147, 148, 149, 150, 151, 152, 169, 153, 154];[]
hector;0588608e7a2bdf974c985ff546207104f672bf6c;me.prettyprint.cassandra.connection.client.HSaslThriftClient;open();[96, 97, 94, 111, 95];[];[122];[]
hector;213f7887ea70eabdf0705cf8454de29af89e8c38;me.prettyprint.cassandra.connection.HConnectionManager;operateWithFailover(Operation<?>);[267, 268];[];[200];[]
jenkins;48b2b951dfb3438999ceda330093cac82b857ce6;jenkins.slaves.DefaultJnlpSlaveReceiver;handle(String, JnlpSlaveHandshake);[52];[];[52, 56, 57];[]
jsoup;a44e18aa3c1fcd25a68a5965f9490d8f7d026509;org.jsoup.nodes.TextNode;outerHtmlHead(StringBuilder, int, Document.OutputSettings);[94];[];[98];[]
jsoup;3f7d2c71dbbbb289c684f339874eed8ac2747fa0;org.jsoup.helper.HttpConnection;execute(Connection.Request, Response);[456];[];[483, 484, 485];[]
jsoup;a8b6982de98ff76ef254031d7152fff57f6bf941;org.jsoup.helper.HttpConnection;execute(Connection.Request, Response);[584, 585, 586];[590];[544, 547];[]
logback;542843fd04a793fb9e0eea0c84d199e66d7c15af;ch.qos.logback.core.rolling.TimeBasedFileNamingAndTriggeringPolicyBase;start();[45];[];[52, 53, 54, 55, 56];[]
okhttp;1151c9853ccc3c9c3211c613b9b845b925f8c6a6;com.squareup.okhttp.internal.bytes.GzipSource;consumeHeader(Deadline);[112];[];[138];[]
orientdb;a5ce3bcc0a1d196745c575ad6602019f7a6b86f8;com.orientechnologies.orient.core.Orient;startup();[191];[];[158];[]
alluxio;dafe76c90024a915224264b4862b33f40cb8478c;tachyon.hadoop.HdfsFileInputStream;HdfsFileInputStream(TachyonFS, int, Path, Configuration, int);[44, 45];[];[52, 53, 56, 58];[]
titan;387c16ea05ef9fa312f37139228d2bbf61455ff4;com.thinkaurelius.titan.graphdb.database.serialize.SerializerInitialization;initialize(Serializer);[52, 53, 54, 55, 57];[];[31];[]
RxJava;a40a4130edcdadc2340da5787ca30353018173f2;rx.internal.operators.OperatorMulticast;connect(Action1<?superSubscription>);[94];[];[128, 129, 131, 117, 118, 119, 120, 121, 122, 124, 125];[]
SimianArmy;c39c19bc6b9231601f6bc7358e638a99adf37e0d;com.netflix.simianarmy.basic.BasicSimianArmyContext;BasicSimianArmyContext(String);[128, 129, 130, 131, 115, 132, 133, 134, 135, 141, 126, 127];[];[112, 113, 114, 115, 110, 111];[]
SimianArmy;345ad9513aafff397050d613fa87ad06ddffe99d;com.netflix.simianarmy.basic.janitor.BasicJanitorMonkeyContext;getInstanceJanitor();[227, 228, 229, 230];[];[232, 233, 234, 235, 237, 238];[]