org.activiti.engine.impl.bpmn.behavior.UserTaskActivityBehavior,sink,112
org.activiti.engine.impl.bpmn.behavior.UserTaskActivityBehavior,sink,113
org.activiti.engine.impl.bpmn.behavior.UserTaskActivityBehavior,sink,114
org.activiti.engine.impl.bpmn.behavior.UserTaskActivityBehavior,sink,115
org.activiti.engine.impl.bpmn.behavior.UserTaskActivityBehavior,sink,116
org.activiti.engine.impl.bpmn.behavior.UserTaskActivityBehavior,sink,117
org.activiti.engine.impl.bpmn.behavior.UserTaskActivityBehavior,sink,110
org.activiti.engine.impl.bpmn.behavior.UserTaskActivityBehavior,sink,111
org.activiti.engine.impl.bpmn.behavior.UserTaskActivityBehavior,source,118
org.activiti.engine.impl.bpmn.behavior.UserTaskActivityBehavior,source,125
org.activiti.engine.impl.bpmn.behavior.UserTaskActivityBehavior,source,126
org.activiti.engine.impl.bpmn.behavior.UserTaskActivityBehavior,source,127
