rx.internal.operators.OperatorMulticast,sink,94
rx.internal.operators.OperatorMulticast,source,128
rx.internal.operators.OperatorMulticast,source,129
rx.internal.operators.OperatorMulticast,source,131
rx.internal.operators.OperatorMulticast,source,117
rx.internal.operators.OperatorMulticast,source,118
rx.internal.operators.OperatorMulticast,source,119
rx.internal.operators.OperatorMulticast,source,120
rx.internal.operators.OperatorMulticast,source,121
rx.internal.operators.OperatorMulticast,source,122
rx.internal.operators.OperatorMulticast,source,124
rx.internal.operators.OperatorMulticast,source,125
