com.netflix.simianarmy.basic.BasicSimianArmyContext,source,128
com.netflix.simianarmy.basic.BasicSimianArmyContext,source,129
com.netflix.simianarmy.basic.BasicSimianArmyContext,source,130
com.netflix.simianarmy.basic.BasicSimianArmyContext,source,131
com.netflix.simianarmy.basic.BasicSimianArmyContext,source,115
com.netflix.simianarmy.basic.BasicSimianArmyContext,source,132
com.netflix.simianarmy.basic.BasicSimianArmyContext,source,133
com.netflix.simianarmy.basic.BasicSimianArmyContext,source,134
com.netflix.simianarmy.basic.BasicSimianArmyContext,source,135
com.netflix.simianarmy.basic.BasicSimianArmyContext,source,141
com.netflix.simianarmy.basic.BasicSimianArmyContext,source,126
com.netflix.simianarmy.basic.BasicSimianArmyContext,source,127
com.netflix.simianarmy.basic.BasicSimianArmyContext,sink,112
com.netflix.simianarmy.basic.BasicSimianArmyContext,sink,113
com.netflix.simianarmy.basic.BasicSimianArmyContext,sink,114
com.netflix.simianarmy.basic.BasicSimianArmyContext,sink,115
com.netflix.simianarmy.basic.BasicSimianArmyContext,sink,110
com.netflix.simianarmy.basic.BasicSimianArmyContext,sink,111
