org.springframework.boot.autoconfigure.mongo.MongoProperties,source,272
org.springframework.boot.autoconfigure.mongo.MongoProperties,sink,261
org.springframework.boot.autoconfigure.mongo.MongoProperties,sink,262
org.springframework.boot.autoconfigure.mongo.MongoProperties,sink,263
org.springframework.boot.autoconfigure.mongo.MongoProperties,sink,264
org.springframework.boot.autoconfigure.mongo.MongoProperties,sink,265
org.springframework.boot.autoconfigure.mongo.MongoProperties,sink,266
org.springframework.boot.autoconfigure.mongo.MongoProperties,sink,267
org.springframework.boot.autoconfigure.mongo.MongoProperties,sink,268
org.springframework.boot.autoconfigure.mongo.MongoProperties,sink,271
