org.springframework.boot.context.embedded.tomcat.TomcatEmbeddedServletContainerFactory,source,240
org.springframework.boot.context.embedded.tomcat.TomcatEmbeddedServletContainerFactory,source,241
org.springframework.boot.context.embedded.tomcat.TomcatEmbeddedServletContainerFactory,source,242
org.springframework.boot.context.embedded.tomcat.TomcatEmbeddedServletContainerFactory,source,243
org.springframework.boot.context.embedded.tomcat.TomcatEmbeddedServletContainerFactory,source,244
org.springframework.boot.context.embedded.tomcat.TomcatEmbeddedServletContainerFactory,source,246
org.springframework.boot.context.embedded.tomcat.TomcatEmbeddedServletContainerFactory,source,247
org.springframework.boot.context.embedded.tomcat.TomcatEmbeddedServletContainerFactory,source,248
org.springframework.boot.context.embedded.tomcat.TomcatEmbeddedServletContainerFactory,source,249
org.springframework.boot.context.embedded.tomcat.TomcatEmbeddedServletContainerFactory,sink,228
