me.prettyprint.cassandra.connection.client.HThriftClient,sink,164
me.prettyprint.cassandra.connection.client.HThriftClient,source,147
me.prettyprint.cassandra.connection.client.HThriftClient,source,148
me.prettyprint.cassandra.connection.client.HThriftClient,source,149
me.prettyprint.cassandra.connection.client.HThriftClient,source,150
me.prettyprint.cassandra.connection.client.HThriftClient,source,151
me.prettyprint.cassandra.connection.client.HThriftClient,source,152
me.prettyprint.cassandra.connection.client.HThriftClient,source,169
me.prettyprint.cassandra.connection.client.HThriftClient,source,153
me.prettyprint.cassandra.connection.client.HThriftClient,source,154
