me.prettyprint.cassandra.connection.client.HThriftClient,source,164
me.prettyprint.cassandra.connection.client.HThriftClient,sink,147
me.prettyprint.cassandra.connection.client.HThriftClient,sink,148
me.prettyprint.cassandra.connection.client.HThriftClient,sink,149
me.prettyprint.cassandra.connection.client.HThriftClient,sink,150
me.prettyprint.cassandra.connection.client.HThriftClient,sink,151
me.prettyprint.cassandra.connection.client.HThriftClient,sink,152
me.prettyprint.cassandra.connection.client.HThriftClient,sink,169
me.prettyprint.cassandra.connection.client.HThriftClient,sink,153
me.prettyprint.cassandra.connection.client.HThriftClient,sink,154
