com.netflix.simianarmy.basic.janitor.BasicJanitorMonkeyContext,sink,227
com.netflix.simianarmy.basic.janitor.BasicJanitorMonkeyContext,sink,228
com.netflix.simianarmy.basic.janitor.BasicJanitorMonkeyContext,sink,229
com.netflix.simianarmy.basic.janitor.BasicJanitorMonkeyContext,sink,230
com.netflix.simianarmy.basic.janitor.BasicJanitorMonkeyContext,source,232
com.netflix.simianarmy.basic.janitor.BasicJanitorMonkeyContext,source,233
com.netflix.simianarmy.basic.janitor.BasicJanitorMonkeyContext,source,234
com.netflix.simianarmy.basic.janitor.BasicJanitorMonkeyContext,source,235
com.netflix.simianarmy.basic.janitor.BasicJanitorMonkeyContext,source,237
com.netflix.simianarmy.basic.janitor.BasicJanitorMonkeyContext,source,238
