io.swagger.jaxrs2.OperationParser,source,240
io.swagger.jaxrs2.OperationParser,source,241
io.swagger.jaxrs2.OperationParser,source,234
io.swagger.jaxrs2.OperationParser,source,235
io.swagger.jaxrs2.OperationParser,source,236
io.swagger.jaxrs2.OperationParser,source,237
io.swagger.jaxrs2.OperationParser,source,238
io.swagger.jaxrs2.OperationParser,source,239
io.swagger.jaxrs2.OperationParser,sink,244
io.swagger.jaxrs2.OperationParser,sink,187
io.swagger.jaxrs2.OperationParser,sink,188
